seqIndex,prediction,distToMargin,P(-1),P(+1)
6,1,0.846523131865805,0.05636154861409833,0.9436384513859015
7,1,0.8158143304507003,0.061977689218546815,0.938022310781453
68,1,0.8032466683841184,0.06442383552363475,0.9355761644763652
69,1,0.717334412107177,0.08370022316393175,0.9162997768360681
130,1,0.681353099476732,0.09324307387005687,0.9067569261299431
248,1,0.5289889165169113,0.14524809598327357,0.8547519040167264
5,1,0.5197272683656541,0.14908335316009844,0.8509166468399018
189,1,0.4385925328180763,0.1863099468325979,0.8136900531674023
2,1,0.41899315250788816,0.19630421282491908,0.8036957871750811
70,1,0.41130549689871765,0.20033256187195655,0.7996674381280434
129,1,0.37858912610078804,0.21816035328882916,0.7818396467111706
249,1,0.34132441340862607,0.23981550723660508,0.760184492763395
131,1,0.3119221228295021,0.2579049954311378,0.7420950045688621
8,1,0.305884943400516,0.26172714342719333,0.7382728565728068
193,1,0.30165053016514726,0.2644296149591367,0.7355703850408634
127,1,0.30022355494588576,0.2653443398059133,0.7346556601940867
65,1,0.2946452622803184,0.26893945238277045,0.7310605476172295
191,1,0.28580397449961115,0.27470005318743523,0.7252999468125646
190,1,0.279331968176042,0.2789651105631038,0.721034889436896
253,1,0.26723827983477144,0.2870425594100496,0.7129574405899506
188,1,0.24760257189911095,0.3004498944596864,0.6995501055403135
132,1,0.21781452893491846,0.3214524978403431,0.6785475021596572
66,1,0.19551919016601071,0.3376650966687888,0.6623349033312111
71,1,0.1940828387323937,0.3387232958049914,0.6612767041950088
3,1,0.18254965137469142,0.34727794950947755,0.6527220504905225
251,1,0.17653291392265275,0.35178070013245666,0.648219299867543
252,1,0.17297856817184504,0.3544531674893065,0.6455468325106937
128,1,0.14733528746105812,0.3717496339979387,0.6282503660020614
4,1,0.1233813414750699,0.39144520051896703,0.608554799481033
192,1,0.11044441193613119,0.40203701445571044,0.5979629855442896
67,1,0.07705538774774383,0.4293107588296497,0.5706892411703501
133,1,0.04414751037893402,0.45621615934851933,0.5437838406514808
194,1,0.02348992076712892,0.4731561014565691,0.526843898543431
72,1,0.00802490229021527,0.48586431386195794,0.5141356861380421
254,1,0.004674099344036569,0.48862009625937275,0.5113799037406271
255,-1,-0.0012650474354725747,0.49350597430921905,0.5064940256907811
34,-1,-0.04722409657603606,0.5312775235233231,0.46872247647667686
134,-1,-0.081524024585576,0.5591867055362094,0.4408132944637908
195,-1,-0.08389436228202908,0.5610980719022183,0.4389019280977818
64,-1,-0.08664484493974788,0.5633124683050866,0.43668753169491337
97,-1,-0.08834691300305954,0.5646808410865201,0.4353191589134798
250,-1,-0.09511887286153134,0.5701095643092686,0.42989043569073115
9,-1,-0.13635176682674416,0.6025125302232762,0.3974874697767239
10,-1,-0.15520869503515453,0.616882049996878,0.38311795000312193
196,-1,-0.16093980269541622,0.6211859630959993,0.3788140369040007
187,-1,-0.17304921897615458,0.6301782710466963,0.36982172895330356
126,-1,-0.18756448600547515,0.6407706586099854,0.35922934139001456
247,-1,-0.2151119706402965,0.6603019322511527,0.33969806774884737
73,-1,-0.2478003215483048,0.686869280367015,0.31313071963298517
135,-1,-0.2492767417091108,0.687913578232812,0.3120864217671881
1,-1,-0.3454610168168252,0.7515665584185878,0.24843344158141217
136,-1,-0.3489208828070119,0.7536868622011704,0.24631313779882963
280,-1,-0.3930615769592868,0.779656750406646,0.22034324959335405
217,-1,-0.42393706944462684,0.7966192781257783,0.20338072187422168
44,-1,-0.42514299603090283,0.7972616370976123,0.20273836290238761
220,-1,-0.4321642134423034,0.8009715573908278,0.19902844260917238
45,-1,-0.43565549525694425,0.8027972215141013,0.19720277848589873
96,-1,-0.4425905227881772,0.8063861506500609,0.19361384934993892
74,-1,-0.4470383508090707,0.8086616890064864,0.19133831099351362
11,-1,-0.449950139727995,0.8101402889418131,0.1898597110581869
277,-1,-0.45467310194691674,0.8125199667801706,0.18748003321982928
35,-1,-0.46378948013291643,0.817048251023894,0.18295174897610586
84,-1,-0.46462563564245624,0.8174593067709655,0.18254069322903452
158,-1,-0.47839216041024807,0.8241240367065337,0.1758759632934662
13,-1,-0.48128708894883926,0.8255009391182494,0.17449906088175066
276,-1,-0.49145054235247176,0.8302676325597381,0.1697323674402619
256,-1,-0.4991510254478293,0.8338097778168074,0.16619022218319252
157,-1,-0.5041699673138069,0.836086424736283,0.1639135752637173
257,-1,-0.5061834820317291,0.8369927047345311,0.16300729526546862
75,-1,-0.5173996681224912,0.8419673804219591,0.15803261957804104
99,-1,-0.5267295862957446,0.8460108917378129,0.15398910826218712
218,-1,-0.5346642912241711,0.8493827949340018,0.150617205065998
43,-1,-0.5348328824127604,0.8494537753874288,0.15054622461257103
21,-1,-0.5363815273813742,0.8501045006657696,0.14989549933423038
77,-1,-0.5364135879723955,0.8501179476990892,0.14988205230091048
259,-1,-0.5488544264029372,0.8552613011176765,0.14473869888232357
159,-1,-0.5608048951053357,0.8600630177142617,0.1399369822857384
108,-1,-0.5836868427695583,0.8688845836296878,0.13111541637031188
38,-1,-0.6227278819750266,0.8828438822967414,0.11715611770325866
138,-1,-0.6264286893344377,0.8840979775084176,0.11590202249158243
12,-1,-0.6384313028057749,0.8880853048488467,0.11191469515115317
161,-1,-0.6469486315623291,0.8908416180291295,0.10915838197087052
199,-1,-0.6475373171970362,0.8910299063307272,0.10897009366927256
15,-1,-0.6544775845583228,0.8932283026717955,0.10677169732820432
198,-1,-0.6570085562036928,0.8940202461865742,0.10597975381342585
106,-1,-0.6716863662384199,0.8985115251811521,0.10148847481884804
36,-1,-0.6726738258110986,0.8988075365116329,0.10119246348836688
261,-1,-0.6771216858419229,0.9001313934679505,0.09986860653204963
258,-1,-0.6780036599066045,0.9003920672692812,0.0996079327307186
222,-1,-0.6846929689800262,0.9023495079108295,0.09765049208917062
197,-1,-0.6941178517034252,0.9050492017372765,0.09495079826272333
107,-1,-0.7059738929820548,0.9083502812694408,0.09164971873055888
100,-1,-0.7103049991462244,0.9095302379944231,0.09046976200557678
22,-1,-0.7136218023143736,0.9104245921910057,0.08957540780899434
14,-1,-0.7185882930158004,0.9117488714822459,0.08825112851775418
105,-1,-0.7269782283312906,0.9139458572193045,0.08605414278069538
31,-1,-0.7347638815743309,0.9159401631849876,0.08405983681501258
101,-1,-0.7351414113871765,0.9160357929951483,0.08396420700485156
20,-1,-0.7399156244075649,0.917236619428552,0.08276338057144816
221,-1,-0.7468093953166517,0.9189430017170934,0.0810569982829063
260,-1,-0.7732358299362662,0.9251906878986812,0.07480931210131886
281,-1,-0.7799590307932964,0.9267080479125589,0.07329195208744112
200,-1,-0.7867794185517568,0.9282183374207654,0.07178166257923464
93,-1,-0.7899034400713149,0.9289004816858876,0.07109951831411257
160,-1,-0.7952118372273622,0.930045879158857,0.06995412084114302
37,-1,-0.7980497048102672,0.9306511866285557,0.06934881337144427
145,-1,-0.7983166315064942,0.9307078711065823,0.06929212889341786
279,-1,-0.8092096619630461,0.9329848287466668,0.06701517125333309
76,-1,-0.8158182889046063,0.9343321806160023,0.06566781938399772
162,-1,-0.8187528778636408,0.9349223680566315,0.06507763194336842
201,-1,-0.8331542430918221,0.937747760877938,0.062252239122061945
169,-1,-0.8368416670247615,0.9384525638165275,0.06154743618347236
83,-1,-0.8484700587607502,0.940626626657589,0.05937337334241075
167,-1,-0.8487438450932941,0.9380151183101343,0.06198488168986583
137,-1,-0.8507677985607404,0.9384136270949296,0.061586372905070595
39,-1,-0.8546314377820707,0.9391676838249224,0.06083231617507744
140,-1,-0.8621428351003485,0.9406088491437835,0.059391150856216546
203,-1,-0.8661891135101562,0.9413717727877227,0.05862822721227732
82,-1,-0.8760095810312674,0.9431850548817762,0.05681494511822368
214,-1,-0.8952542435454018,0.9465852297966779,0.05341477020332194
42,-1,-0.8954786281464567,0.9466237075577286,0.053376292442271316
139,-1,-0.8964929558904845,0.9467973161422235,0.05320268385777639
282,-1,-0.903534251728007,0.9479877044132238,0.05201229558677631
142,-1,-0.9145566200321219,0.94980013293705,0.05019986706294995
170,-1,-0.9185690287988569,0.9504447523647125,0.04955524763528757
19,-1,-0.9206040153338333,0.9507686430310983,0.04923135696890174
94,-1,-0.9219081063939248,0.9509751339617694,0.04902486603823056
156,-1,-0.9269695402259456,0.9517687118555901,0.048231288144409905
219,-1,-0.9333060670338069,0.9527448070012866,0.04725519299871333
205,-1,-0.9384991461995854,0.9535305525906427,0.04646944740935736
263,-1,-0.9411862162678993,0.9539321633773961,0.04606783662260383
16,-1,-0.9416005962172207,0.9539937980737924,0.046006201926207774
98,-1,-0.9441694709009314,0.9543741193992169,0.045625880600783195
168,-1,-0.9442651590981401,0.9543882272300037,0.045611772769996305
154,-1,-0.9450263494278167,0.9545003037518787,0.04549969624812134
155,-1,-0.9607878811318783,0.9567620756358154,0.04323792436418455
216,-1,-0.9636783496268446,0.957164876695706,0.042835123304294065
144,-1,-0.9701012193333551,0.9580469556339472,0.04195304436605289
163,-1,-0.9762658120425656,0.9588769733497836,0.04112302665021637
278,-1,-0.9808794577470262,0.9594877088029137,0.040512291197086256
46,-1,-0.9981949154465135,0.9617021256369215,0.038297874363078514
78,-1,-1.0110039147587648,0.9632638518872659,0.03673614811273418
33,-1,-1.0316969827343037,0.9656562912752018,0.03434370872479818
32,-1,-1.0441648631427256,0.9670233887084065,0.032976611291593495
223,-1,-1.0466939035500373,0.9672941135324878,0.032705886467512234
95,-1,-1.050266758590063,0.9676728610373119,0.0323271389626881
143,-1,-1.052291934595609,0.9678856282197613,0.03211437178023884
30,-1,-1.053034066373404,0.9679632525953774,0.032036747404622666
229,-1,-1.0565918418076268,0.9683328314010684,0.031667168598931573
273,-1,-1.085050742688853,0.9711420582993119,0.02885794170068817
231,-1,-1.0863519858220723,0.9712644648268177,0.028735535173182346
28,-1,-1.0931490142753622,0.9718955838336467,0.028104416166353362
215,-1,-1.096205567713824,0.9721749180561707,0.02782508194382934
81,-1,-1.0995748122097044,0.9724796564967757,0.027520343503224343
80,-1,-1.1033375648098225,0.9728160956879184,0.02718390431208169
264,-1,-1.1069403587278637,0.9731344273971756,0.02686557260282444
228,-1,-1.1108894143866208,0.9734791271873869,0.026520872812613002
274,-1,-1.112413057746846,0.973610950211977,0.02638904978802314
204,-1,-1.132992529661191,0.9753292862776853,0.02467071372231475
153,-1,-1.1389296687914092,0.9758041258277409,0.02419587417225902
230,-1,-1.158967254111786,0.9773408841116077,0.022659115888392298
275,-1,-1.1649643467669872,0.9777817348115722,0.022218265188427882
224,-1,-1.1709782036239353,0.9782152804594156,0.021784719540584398
17,-1,-1.1790913754030032,0.9787869056094062,0.021213094390593774
92,-1,-1.2095932633733995,0.980805914766925,0.019194085233074903
288,-1,-1.2125905372337844,0.9809937064600203,0.019006293539979735
211,-1,-1.2236750945422363,0.981672478652162,0.018327521347837973
90,-1,-1.228249694812568,0.9819455351496595,0.0180544648503404
283,-1,-1.2396770893109192,0.98261009217127,0.017389907828729966
262,-1,-1.2541301365953972,0.9834158716739927,0.016584128326007183
284,-1,-1.2724686234778413,0.9843850098846034,0.015614990115396698
151,-1,-1.278598546177441,0.9846962197000644,0.015303780299935628
91,-1,-1.2846358716926658,0.9849966911580323,0.015003308841967605
18,-1,-1.2915993666813133,0.9853359682006191,0.014664031799380849
202,-1,-1.3001161116333617,0.9857405512046598,0.014259448795340275
213,-1,-1.3038391505803555,0.9859139006190987,0.014086099380901367
290,-1,-1.3193280300799928,0.9866128274954867,0.013387172504513229
47,-1,-1.3457942420449325,0.9877280306076386,0.012271969392361406
270,-1,-1.3475540090564455,0.9877988085949403,0.01220119140505974
48,-1,-1.3526031595346537,0.9879996343511225,0.01200036564887744
272,-1,-1.3584409850946804,0.9882277232399751,0.011772276760024809
88,-1,-1.3612347527586879,0.9883353432864826,0.011664656713517461
289,-1,-1.3682915136401277,0.9886028303199675,0.01139716968003238
29,-1,-1.3700689479288224,0.9886692338446468,0.011330766155353257
26,-1,-1.4011907450612,0.9897713214539787,0.010228678546021268
150,-1,-1.4195625227632016,0.9903709922893877,0.009629007710612224
271,-1,-1.4247125081974865,0.9905327037291376,0.009467296270862569
209,-1,-1.4258299023042482,0.9905674307993312,0.009432569200668782
152,-1,-1.435155637282396,0.9908523462253511,0.00914765377464885
27,-1,-1.4396954341211705,0.9909879182005046,0.009012081799495433
89,-1,-1.4760048015540908,0.9920024646911106,0.007997535308889385
269,-1,-1.4774031989761318,0.9920391699764076,0.007960830023592505
141,-1,-1.4815783580303812,0.9921477618988186,0.007852238101181463
149,-1,-1.4865545738983283,0.9922752576530851,0.007724742346914845
212,-1,-1.4884374921955763,0.9923229588974544,0.007677041102545635
268,-1,-1.493704740603827,0.9924548406595942,0.007545159340405909
110,-1,-1.5106079109337462,0.9928629705631751,0.00713702943682486
210,-1,-1.5390665746320167,0.9935008977111914,0.006499102288808526
79,-1,-1.554327076869675,0.9938191732771602,0.006180826722839733
109,-1,-1.6266198730559691,0.9951277172581213,0.004872282741878707
267,-1,-1.6638772770073003,0.9956899447313492,0.004310055268650773
207,-1,-1.6887600718564362,0.9960288336896614,0.003971166310338571
171,-1,-1.77967092555807,0.9970557596781723,0.00294424032182777
102,-1,-1.7866687957276386,0.9971227976316948,0.0028772023683051005
285,-1,-1.8412389614346605,0.9975958257927223,0.002404174207277842
146,-1,-1.8534774318783616,0.9976907465556856,0.0023092534443144084
25,-1,-1.8886221116843953,0.9979430037759909,0.0020569962240090537
148,-1,-1.9102522907342592,0.9980843610853857,0.00191563891461443
164,-1,-1.923498223404486,0.9981660866414719,0.0018339133585282556
86,-1,-1.9386583852303123,0.9982553530655426,0.0017446469344575292
208,-1,-1.9627968069790596,0.9983886056131751,0.001611394386824832
266,-1,-1.9724660493575474,0.9984390834292456,0.0015609165707545648
147,-1,-1.9894208452092683,0.9985238081387667,0.0014761918612333778
225,-1,-1.9938913135982472,0.9985453709350239,0.0014546290649760532
87,-1,-2.006086505727653,0.9986026050033864,0.0013973949966135787
41,-1,-2.0207615784794926,0.9986685003041402,0.0013314996958598566
24,-1,-2.0427038699639914,0.9987612765564063,0.0012387234435935945
40,-1,-2.0912575371207636,0.9989442375910761,0.0010557624089239251
186,-1,-2.112934404065537,0.9990169429584999,0.0009830570415001027
206,-1,-2.126136187409382,0.9990587467099707,0.0009412532900292328
125,-1,-2.1302126075445638,0.999071292012409,0.0009287079875910977
23,-1,-2.130944420588484,0.9990735264206063,0.000926473579393699
63,-1,-2.137155162280277,0.9990922742552514,0.0009077257447486086
166,-1,-2.151112438637315,0.9991330332889493,0.0008669667110507366
85,-1,-2.168401623283682,0.9991809938990658,0.0008190061009341417
103,-1,-2.191116531442956,0.9992399964385861,0.0007600035614139968
265,-1,-2.2023109835493386,0.9992674911478757,0.0007325088521242457
227,-1,-2.222080297981376,0.9993136397378721,0.0006863602621278366
297,-1,-2.261935082972824,0.9993980247499389,0.0006019752500612542
226,-1,-2.305915950453147,0.9994791571209329,0.0005208428790671139
304,-1,-2.3245230456542414,0.9995101001103042,0.0004898998896958254
291,-1,-2.3296488260039956,0.9995182964059318,0.00048170359406823676
124,-1,-2.332081861560222,0.9995221387772952,0.00047786122270467805
246,-1,-2.333792011093034,0.9995248211738984,0.00047517882610154615
238,-1,-2.3398885468057165,0.9995342617570188,0.0004657382429812673
104,-1,-2.3446437194525847,0.9995414948283278,0.0004585051716722433
62,-1,-2.3475057943449005,0.9995457940526371,0.00045420594736292786
305,-1,-2.350626763780313,0.9995504362379883,0.000449563762011595
286,-1,-2.365906820269591,0.9995724883112614,0.0004275116887386514
57,-1,-2.4283776123520355,0.9996519480534981,0.00034805194650190126
287,-1,-2.4335672107064252,0.9996578430440247,0.0003421569559753803
298,-1,-2.4357901783949023,0.9996603375236885,0.000339662476311417
303,-1,-2.4483552091527434,0.9996740991711474,0.0003259008288525957
120,-1,-2.4633839397896176,0.9996898288359075,0.00031017116409248817
244,-1,-2.4774921818332394,0.999703903522657,0.00029609647734294667
165,-1,-2.4930939863703117,0.9997187257570778,0.00028127424292231923
56,-1,-2.4947284901583227,0.9997202349948673,0.00027976500513259776
119,-1,-2.497744793598471,0.9997229989042199,0.0002770010957800511
58,-1,-2.4990618510890723,0.999724197174315,0.00027580282568498237
181,-1,-2.524241166058611,0.999746134272296,0.00025386572770413527
182,-1,-2.543591106425302,0.9997617994760852,0.00023820052391481734
243,-1,-2.5462000003357192,0.9997638362618604,0.00023616373813980458
185,-1,-2.5512699469821114,0.9997677447379494,0.00023225526205051665
61,-1,-2.5547818824254387,0.9997704141397006,0.00022958586029947145
245,-1,-2.571382145709426,0.9997826225326061,0.00021737746739380784
183,-1,-2.581269600907508,0.9997895833570967,0.0002104166429033118
121,-1,-2.5832116833236345,0.9997909241757325,0.00020907582426759716
302,-1,-2.5986545206059053,0.9998012863132296,0.00019871368677040638
242,-1,-2.6008740239110533,0.9998027327778888,0.00019726722211126072
49,-1,-2.641655101354367,0.9998275127286359,0.000172487271364066
236,-1,-2.7274523905261936,0.9998699509985696,0.00013004900143049133
55,-1,-2.733490891504967,0.999872510391717,0.00012748960828298027
295,-1,-2.7473832270253005,0.9998782089884837,0.0001217910115164459
123,-1,-2.7499782664196952,0.9998792448828768,0.00012075511712320436
184,-1,-2.751554972614869,0.9998798699686949,0.0001201300313051264
117,-1,-2.765691431290138,0.9998853317832831,0.00011466821671685424
296,-1,-2.7660400654116746,0.9998854632977727,0.00011453670222721807
111,-1,-2.781813117830814,0.9998912581848342,0.00010874181516598608
112,-1,-2.8027771192532644,0.9998985089258011,0.00010149107419897576
51,-1,-2.8122517720632016,0.9999016252772317,9.837472276829513e-05
50,-1,-2.8131322956237566,0.9999019099888071,9.809001119291971e-05
174,-1,-2.8252379661503717,0.9999057417592137,9.425824078640155e-05
113,-1,-2.82966993184198,0.9999071068501805,9.289314981956103e-05
114,-1,-2.856783945735163,0.999915038276443,8.496172355686097e-05
172,-1,-2.873240786591761,0.9999195181930924,8.048180690759679e-05
180,-1,-2.883315162416597,0.9999221432866873,7.785671331270851e-05
122,-1,-2.8894977083975273,0.9999237117042382,7.628829576185546e-05
118,-1,-2.895313438956396,0.9999251582153974,7.484178460252649e-05
60,-1,-2.900915584897306,0.9999265256618745,7.34743381256395e-05
241,-1,-2.9023732099980672,0.9999268773437063,7.312265629360275e-05
240,-1,-2.908417905254057,0.9999283178754939,7.16821245062109e-05
59,-1,-2.9128615523334376,0.9999293587251129,7.064127488710549e-05
179,-1,-2.9150453433292927,0.999929864688968,7.013531103203959e-05
300,-1,-2.9245213022745014,0.9999320185330669,6.79814669332134e-05
173,-1,-2.9328371860115934,0.99993385413474,6.614586525982435e-05
235,-1,-2.944119051100573,0.9999362654529259,6.373454707399882e-05
175,-1,-2.949842468659437,0.9999374549290088,6.254507099125316e-05
301,-1,-2.953698026577077,0.9999382436752012,6.175632479886167e-05
234,-1,-2.966176461282234,0.9999407288834115,5.9271116588455065e-05
233,-1,-2.994452440220248,0.9999459965302273,5.4003469772649774e-05
176,-1,-3.040033447065351,0.9999535204289106,4.647957108927535e-05
115,-1,-3.0586071411329665,0.9999562769546536,4.3723045346232494e-05
237,-1,-3.067710746321726,0.9999575677071895,4.2432292810456074e-05
232,-1,-3.069000715805269,0.9999577474965999,4.225250340018237e-05
294,-1,-3.0881217323274965,0.9999603248733919,3.9675126608054195e-05
293,-1,-3.0888235669587307,0.9999604164240432,3.958357595692686e-05
178,-1,-3.1142512084712672,0.999963594636405,3.640536359492611e-05
177,-1,-3.1654461474790727,0.9999692404117355,3.0759588264413765e-05
292,-1,-3.1729847173659373,0.9999699942916707,3.000570832931122e-05
299,-1,-3.2491733031640524,0.9999766498440787,2.335015592128744e-05
239,-1,-3.2585869082082533,0.9999773622778216,2.2637722178326756e-05
52,-1,-3.35595345605791,0.9999835697553225,1.6430244677482563e-05
54,-1,-3.6623164756199165,0.9999940063969248,5.993603075236715e-06
116,-1,-3.9973161260848635,0.9999980102664807,1.9897335192177962e-06
53,-1,-4.023645358966168,0.9999981754473152,1.8245526848892926e-06
